timestamp,rvi_smoothed
2020-03-13 04:00:00+00:00,
2020-03-16 04:00:00+00:00,
2020-03-17 04:00:00+00:00,
2020-03-18 04:00:00+00:00,
2020-03-19 04:00:00+00:00,
2020-03-20 04:00:00+00:00,
2020-03-23 04:00:00+00:00,
2020-03-24 04:00:00+00:00,
2020-03-25 04:00:00+00:00,
2020-03-26 04:00:00+00:00,
2020-03-27 04:00:00+00:00,
2020-03-30 04:00:00+00:00,
2020-03-31 04:00:00+00:00,
2020-04-01 04:00:00+00:00,
2020-04-02 04:00:00+00:00,
2020-04-03 04:00:00+00:00,
2020-04-06 04:00:00+00:00,
2020-04-07 04:00:00+00:00,
2020-04-08 04:00:00+00:00,
2020-04-09 04:00:00+00:00,
2020-04-13 04:00:00+00:00,45.23864149323957
2020-04-14 04:00:00+00:00,45.012795558388234
2020-04-15 04:00:00+00:00,54.87778607843738
2020-04-16 04:00:00+00:00,53.963016434476025
2020-04-17 04:00:00+00:00,60.916288754508415
2020-04-20 04:00:00+00:00,61.400593880721054
2020-04-21 04:00:00+00:00,63.01436988980064
2020-04-22 04:00:00+00:00,63.220913644852146
2020-04-23 04:00:00+00:00,59.299033785220175
2020-04-24 04:00:00+00:00,59.28657033660795
2020-04-27 04:00:00+00:00,56.38038390284068
2020-04-28 04:00:00+00:00,57.57094901814516
2020-04-29 04:00:00+00:00,57.546578961021915
2020-04-30 04:00:00+00:00,57.80688952555271
2020-05-01 04:00:00+00:00,61.36558047891766
2020-05-04 04:00:00+00:00,61.39694940935371
2020-05-05 04:00:00+00:00,61.247652000028346
2020-05-06 04:00:00+00:00,53.81237083384123
2020-05-07 04:00:00+00:00,53.528870135567686
2020-05-08 04:00:00+00:00,51.28556312099524
2020-05-11 04:00:00+00:00,51.47464248228993
2020-05-12 04:00:00+00:00,50.094206411465564
2020-05-13 04:00:00+00:00,47.19365728622479
2020-05-14 04:00:00+00:00,47.95653659870113
2020-05-15 04:00:00+00:00,47.94980012241689
2020-05-18 04:00:00+00:00,49.048554505251715
2020-05-19 04:00:00+00:00,49.69257747129277
2020-05-20 04:00:00+00:00,54.38318740061594
2020-05-21 04:00:00+00:00,53.89232271083306
2020-05-22 04:00:00+00:00,53.67272247836996
2020-05-26 04:00:00+00:00,53.627393373333476
2020-05-27 04:00:00+00:00,53.67887982902652
2020-05-28 04:00:00+00:00,53.582254929083355
2020-05-29 04:00:00+00:00,50.737776674552606
2020-06-01 04:00:00+00:00,50.39896097296189
2020-06-02 04:00:00+00:00,56.6570306128185
2020-06-03 04:00:00+00:00,56.82947864615457
2020-06-04 04:00:00+00:00,57.48981474460288
2020-06-05 04:00:00+00:00,60.19967926317754
2020-06-08 04:00:00+00:00,60.2696069286143
2020-06-09 04:00:00+00:00,60.06669864790336
2020-06-10 04:00:00+00:00,60.12226373167047
2020-06-11 04:00:00+00:00,39.5839351804885
2020-06-12 04:00:00+00:00,39.64574059468881
2020-06-15 04:00:00+00:00,39.54461713639121
2020-06-16 04:00:00+00:00,40.238855966932526
2020-06-17 04:00:00+00:00,37.23403768126616
2020-06-18 04:00:00+00:00,37.191723228369774
2020-06-19 04:00:00+00:00,36.81640336342941
2020-06-22 04:00:00+00:00,36.31818764576932
2020-06-23 04:00:00+00:00,36.14876726515121
2020-06-24 04:00:00+00:00,35.03538201439416
2020-06-25 04:00:00+00:00,34.51576064169956
2020-06-26 04:00:00+00:00,33.718401686715254
2020-06-29 04:00:00+00:00,34.38310892079883
2020-06-30 04:00:00+00:00,34.78932303935939
2020-07-01 04:00:00+00:00,34.79665151155119
2020-07-02 04:00:00+00:00,34.428652446641806
2020-07-06 04:00:00+00:00,34.62949293414002
2020-07-07 04:00:00+00:00,30.900931646710134
2020-07-08 04:00:00+00:00,30.42619823987866
2020-07-09 04:00:00+00:00,30.417540041065536
2020-07-10 04:00:00+00:00,29.98069081679418
2020-07-13 04:00:00+00:00,44.535104373682145
2020-07-14 04:00:00+00:00,44.822342945674464
2020-07-15 04:00:00+00:00,44.92091371523014
2020-07-16 04:00:00+00:00,43.127295055239586
2020-07-17 04:00:00+00:00,42.49753517299059
2020-07-20 04:00:00+00:00,42.00239229868705
2020-07-21 04:00:00+00:00,41.86716729515976
2020-07-22 04:00:00+00:00,41.85599007613682
2020-07-23 04:00:00+00:00,41.92493072679646
2020-07-24 04:00:00+00:00,47.8370674355289
2020-07-27 04:00:00+00:00,47.57526392574344
2020-07-28 04:00:00+00:00,57.29676396990644
2020-07-29 04:00:00+00:00,56.52815133864733
2020-07-30 04:00:00+00:00,55.66912777102213
2020-07-31 04:00:00+00:00,55.844475738856
2020-08-03 04:00:00+00:00,55.95073949919403
2020-08-04 04:00:00+00:00,53.013446367435506
2020-08-05 04:00:00+00:00,54.78920291944888
2020-08-06 04:00:00+00:00,54.73784420826425
2020-08-07 04:00:00+00:00,54.69759595934743
2020-08-10 04:00:00+00:00,53.992302834035335
2020-08-11 04:00:00+00:00,54.1846288346827
2020-08-12 04:00:00+00:00,54.90363374589389
2020-08-13 04:00:00+00:00,54.85325453659603
2020-08-14 04:00:00+00:00,54.76668283691468
2020-08-17 04:00:00+00:00,54.70534750047887
2020-08-18 04:00:00+00:00,54.287166786517346
2020-08-19 04:00:00+00:00,54.52289504667046
2020-08-20 04:00:00+00:00,54.35069841400556
2020-08-21 04:00:00+00:00,60.56751942651573
2020-08-24 04:00:00+00:00,63.66118123129596
2020-08-25 04:00:00+00:00,63.36639931543616
2020-08-26 04:00:00+00:00,66.76881746458976
2020-08-27 04:00:00+00:00,65.33358357614455
2020-08-28 04:00:00+00:00,65.51656090818693
2020-08-31 04:00:00+00:00,65.63990817476844
2020-09-01 04:00:00+00:00,66.10200676197888
2020-09-02 04:00:00+00:00,69.59180650616679
2020-09-03 04:00:00+00:00,36.832010926727555
2020-09-04 04:00:00+00:00,36.800088079014245
2020-09-08 04:00:00+00:00,33.08894844670752
2020-09-09 04:00:00+00:00,37.577122812971155
2020-09-10 04:00:00+00:00,36.74047532464088
2020-09-11 04:00:00+00:00,35.71608332931548
2020-09-14 04:00:00+00:00,36.56008615940803
2020-09-15 04:00:00+00:00,36.1506378839428
2020-09-16 04:00:00+00:00,36.65257704014825
2020-09-17 04:00:00+00:00,36.97223407918732
2020-09-18 04:00:00+00:00,36.43731102686171
2020-09-21 04:00:00+00:00,36.8523788880004
2020-09-22 04:00:00+00:00,37.178584367106396
2020-09-23 04:00:00+00:00,35.85435156047575
2020-09-24 04:00:00+00:00,35.89848769620238
2020-09-25 04:00:00+00:00,37.318592019310856
2020-09-28 04:00:00+00:00,38.994488952916534
2020-09-29 04:00:00+00:00,39.57646535036548
2020-09-30 04:00:00+00:00,39.092615695493215
2020-10-01 04:00:00+00:00,39.04583847255354
2020-10-02 04:00:00+00:00,38.25281671684578
2020-10-05 04:00:00+00:00,45.603224859866074
2020-10-06 04:00:00+00:00,45.144269660907604
2020-10-07 04:00:00+00:00,50.62557009358029
2020-10-08 04:00:00+00:00,48.43575122076852
2020-10-09 04:00:00+00:00,49.70604940003955
2020-10-12 04:00:00+00:00,50.55497777020582
2020-10-13 04:00:00+00:00,50.81777733757009
2020-10-14 04:00:00+00:00,51.569879271938774
2020-10-15 04:00:00+00:00,51.39177397544412
2020-10-16 04:00:00+00:00,51.43505992084639
2020-10-19 04:00:00+00:00,51.35209276173901
2020-10-20 04:00:00+00:00,51.348385370319335
2020-10-21 04:00:00+00:00,51.828236394745296
2020-10-22 04:00:00+00:00,58.61680546170018
2020-10-23 04:00:00+00:00,58.591528023049015
2020-10-26 04:00:00+00:00,52.940080130866676
2020-10-27 04:00:00+00:00,51.533091959160785
2020-10-28 04:00:00+00:00,41.019712713390255
2020-10-29 04:00:00+00:00,41.466147701387236
2020-10-30 04:00:00+00:00,41.69603884364053
2020-11-02 05:00:00+00:00,41.74234696852938
2020-11-03 05:00:00+00:00,41.620130332328344
2020-11-04 05:00:00+00:00,45.79498303367412
2020-11-05 05:00:00+00:00,46.39587281236155
2020-11-06 05:00:00+00:00,46.682019753139166
2020-11-09 05:00:00+00:00,47.146560830130625
2020-11-10 05:00:00+00:00,46.18682766379845
2020-11-11 05:00:00+00:00,45.81250261763225
2020-11-12 05:00:00+00:00,45.6035989037829
2020-11-13 05:00:00+00:00,45.95639998750816
2020-11-16 05:00:00+00:00,45.99282868353667
2020-11-17 05:00:00+00:00,47.01430766909374
2020-11-18 05:00:00+00:00,46.82673846719709
2020-11-19 05:00:00+00:00,46.254443764454024
2020-11-20 05:00:00+00:00,46.84439056510449
2020-11-23 05:00:00+00:00,46.70018832577316
2020-11-24 05:00:00+00:00,48.678549281175556
2020-11-25 05:00:00+00:00,48.6425972532106
2020-11-27 05:00:00+00:00,64.14915081609168
2020-11-30 05:00:00+00:00,64.68919989625618
2020-12-01 05:00:00+00:00,66.11574614871196
2020-12-02 05:00:00+00:00,66.23534953630487
2020-12-03 05:00:00+00:00,65.7599736709063
2020-12-04 05:00:00+00:00,62.522572272763234
2020-12-07 05:00:00+00:00,60.072063264047756
2020-12-08 05:00:00+00:00,59.683042379420705
2020-12-09 05:00:00+00:00,56.74941296629601
2020-12-10 05:00:00+00:00,56.488413365838
2020-12-11 05:00:00+00:00,56.83946960795707
2020-12-14 05:00:00+00:00,58.89634210369529
2020-12-15 05:00:00+00:00,58.77803875479337
2020-12-16 05:00:00+00:00,56.9049720090358
2020-12-17 05:00:00+00:00,56.88815653241338
2020-12-18 05:00:00+00:00,60.97535212789493
2020-12-21 05:00:00+00:00,61.16804092419337
2020-12-22 05:00:00+00:00,63.102829464420445
2020-12-23 05:00:00+00:00,63.07548288561376
2020-12-24 05:00:00+00:00,57.831903300720874
2020-12-28 05:00:00+00:00,58.79550776859547
2020-12-29 05:00:00+00:00,59.31189883266078
2020-12-30 05:00:00+00:00,59.4137446271784
2020-12-31 05:00:00+00:00,57.732221838313585
2021-01-04 05:00:00+00:00,49.105999250973014
2021-01-05 05:00:00+00:00,49.433932382501474
2021-01-06 05:00:00+00:00,48.275398841167686
2021-01-07 05:00:00+00:00,53.70075680370321
2021-01-08 05:00:00+00:00,53.86384493654686
2021-01-11 05:00:00+00:00,55.04561020132972
2021-01-12 05:00:00+00:00,55.1192003779983
2021-01-13 05:00:00+00:00,54.58129612052666
2021-01-14 05:00:00+00:00,54.61948286529792
2021-01-15 05:00:00+00:00,50.7743807822585
2021-01-19 05:00:00+00:00,51.52178475936377
2021-01-20 05:00:00+00:00,54.782204666158286
2021-01-21 05:00:00+00:00,56.06086853341032
2021-01-22 05:00:00+00:00,56.143772790621846
2021-01-25 05:00:00+00:00,55.61540440221984
2021-01-26 05:00:00+00:00,55.875102737307536
2021-01-27 05:00:00+00:00,43.511536412151486
2021-01-28 05:00:00+00:00,43.29891914573058
2021-01-29 05:00:00+00:00,39.613214415458806
2021-02-01 05:00:00+00:00,42.762547897364236
2021-02-02 05:00:00+00:00,44.53726504869639
2021-02-03 05:00:00+00:00,45.58378959726204
2021-02-04 05:00:00+00:00,46.33283925052593
2021-02-05 05:00:00+00:00,46.34929924943699
2021-02-08 05:00:00+00:00,44.330625241248505
2021-02-09 05:00:00+00:00,44.78038154403274
2021-02-10 05:00:00+00:00,44.88262889365535
2021-02-11 05:00:00+00:00,44.64746551307927
2021-02-12 05:00:00+00:00,44.59903354316713
2021-02-16 05:00:00+00:00,44.54696603984412
2021-02-17 05:00:00+00:00,44.782639444818976
2021-02-18 05:00:00+00:00,44.97754575532775
2021-02-19 05:00:00+00:00,43.174877728898096
2021-02-22 05:00:00+00:00,43.08765652946862
2021-02-23 05:00:00+00:00,42.79139678162608
2021-02-24 05:00:00+00:00,44.19959329337995
2021-02-25 05:00:00+00:00,39.01705189519036
2021-02-26 05:00:00+00:00,43.49425243727868
2021-03-01 05:00:00+00:00,50.53377586317104
2021-03-02 05:00:00+00:00,54.56242607310069
2021-03-03 05:00:00+00:00,51.24211454950633
2021-03-04 05:00:00+00:00,48.78713565569047
2021-03-05 05:00:00+00:00,51.78269004309055
2021-03-08 05:00:00+00:00,51.460355465081506
2021-03-09 05:00:00+00:00,52.86938982495181
2021-03-10 05:00:00+00:00,52.75586828416096
2021-03-11 05:00:00+00:00,52.995597539935964
2021-03-12 05:00:00+00:00,52.82401210105903
2021-03-15 04:00:00+00:00,52.74289205084292
2021-03-16 04:00:00+00:00,53.1561270469458
2021-03-17 04:00:00+00:00,52.81439173963669
2021-03-18 04:00:00+00:00,51.51479389827713
2021-03-19 04:00:00+00:00,51.51646695754777
2021-03-22 04:00:00+00:00,51.132001326785215
2021-03-23 04:00:00+00:00,51.14279242072404
2021-03-24 04:00:00+00:00,51.58626480065537
2021-03-25 04:00:00+00:00,51.05976154493356
2021-03-26 04:00:00+00:00,59.568208856928614
2021-03-29 04:00:00+00:00,59.474390922285046
2021-03-30 04:00:00+00:00,54.600415557375534
2021-03-31 04:00:00+00:00,54.38193169622807
2021-04-01 04:00:00+00:00,57.708651886278965
2021-04-05 04:00:00+00:00,62.276472394040795
2021-04-06 04:00:00+00:00,60.091985254515976
2021-04-07 04:00:00+00:00,60.0862773122296
2021-04-08 04:00:00+00:00,58.214189665770036
2021-04-09 04:00:00+00:00,58.408627705112046
2021-04-12 04:00:00+00:00,57.84749571633012
2021-04-13 04:00:00+00:00,57.69270541261422
2021-04-14 04:00:00+00:00,57.95310598845182
2021-04-15 04:00:00+00:00,58.64585112881287
2021-04-16 04:00:00+00:00,58.64205675675887
2021-04-19 04:00:00+00:00,68.54266172072802
2021-04-20 04:00:00+00:00,66.17135056069463
2021-04-21 04:00:00+00:00,66.5988210333978
2021-04-22 04:00:00+00:00,64.30127394262718
2021-04-23 04:00:00+00:00,65.47425636911339
2021-04-26 04:00:00+00:00,65.61007223452481
2021-04-27 04:00:00+00:00,63.2693079259116
2021-04-28 04:00:00+00:00,63.2570772861008
2021-04-29 04:00:00+00:00,62.97204380283291
2021-04-30 04:00:00+00:00,61.47562962678462
2021-05-03 04:00:00+00:00,60.29296143262384
2021-05-04 04:00:00+00:00,55.33990045475509
2021-05-05 04:00:00+00:00,55.14593670624532
2021-05-06 04:00:00+00:00,56.00269938660653
2021-05-07 04:00:00+00:00,56.57752530255497
2021-05-10 04:00:00+00:00,52.92487171201825
2021-05-11 04:00:00+00:00,51.325965624307
2021-05-12 04:00:00+00:00,42.41604320570149
2021-05-13 04:00:00+00:00,44.34996118502578
2021-05-14 04:00:00+00:00,46.811709583099
2021-05-17 04:00:00+00:00,47.39737165063672
2021-05-18 04:00:00+00:00,46.99809898953021
2021-05-19 04:00:00+00:00,47.245880870541896
2021-05-20 04:00:00+00:00,47.61603473170411
2021-05-21 04:00:00+00:00,48.108669227447194
2021-05-24 04:00:00+00:00,47.87346726184649
2021-05-25 04:00:00+00:00,48.32937767489332
2021-05-26 04:00:00+00:00,48.07420630704629
2021-05-27 04:00:00+00:00,47.97680422924882
2021-05-28 04:00:00+00:00,47.771843275469465
2021-06-01 04:00:00+00:00,47.95349900958883
2021-06-02 04:00:00+00:00,47.98420559281311
2021-06-03 04:00:00+00:00,48.20207094417804
2021-06-04 04:00:00+00:00,48.62978959798576
2021-06-07 04:00:00+00:00,48.48694977875822
2021-06-08 04:00:00+00:00,48.274165229316004
2021-06-09 04:00:00+00:00,49.506720235955754
2021-06-10 04:00:00+00:00,50.328466747628525
2021-06-11 04:00:00+00:00,70.48611084015707
2021-06-14 04:00:00+00:00,68.64150658891936
2021-06-15 04:00:00+00:00,63.09448478905421
2021-06-16 04:00:00+00:00,60.75765404479869
2021-06-17 04:00:00+00:00,68.96475718309955
2021-06-18 04:00:00+00:00,47.42634862885554
2021-06-21 04:00:00+00:00,50.95436006816949
2021-06-22 04:00:00+00:00,51.03004984775286
2021-06-23 04:00:00+00:00,48.74459998972085
2021-06-24 04:00:00+00:00,49.09038146074303
2021-06-25 04:00:00+00:00,49.13909374527605
2021-06-28 04:00:00+00:00,48.933781868469524
2021-06-29 04:00:00+00:00,49.10565474382783
2021-06-30 04:00:00+00:00,48.8451225804026
2021-07-01 04:00:00+00:00,49.26286905147449
2021-07-02 04:00:00+00:00,50.17312511747522
2021-07-06 04:00:00+00:00,49.0793659066562
2021-07-07 04:00:00+00:00,48.730659220656726
2021-07-08 04:00:00+00:00,46.94978959417004
2021-07-09 04:00:00+00:00,49.199031111618915
2021-07-12 04:00:00+00:00,49.13353911748894
2021-07-13 04:00:00+00:00,49.45840046201424
2021-07-14 04:00:00+00:00,49.52850477856656
2021-07-15 04:00:00+00:00,49.43025618460646
2021-07-16 04:00:00+00:00,48.560788713780155
2021-07-19 04:00:00+00:00,44.025769602530154
2021-07-20 04:00:00+00:00,53.87775300443089
2021-07-21 04:00:00+00:00,51.00854400262517
2021-07-22 04:00:00+00:00,50.94027345326775
2021-07-23 04:00:00+00:00,52.070489625205
2021-07-26 04:00:00+00:00,51.97108548613874
2021-07-27 04:00:00+00:00,52.28485619526862
2021-07-28 04:00:00+00:00,52.67814986924038
2021-07-29 04:00:00+00:00,52.40642547197427
2021-07-30 04:00:00+00:00,52.48708691601985
2021-08-02 04:00:00+00:00,52.95907031033955
2021-08-03 04:00:00+00:00,53.150001652117126
2021-08-04 04:00:00+00:00,52.91496705983488
2021-08-05 04:00:00+00:00,53.2194375784479
2021-08-06 04:00:00+00:00,54.118007390425454
2021-08-09 04:00:00+00:00,52.7314864917329
2021-08-10 04:00:00+00:00,52.81617536708079
2021-08-11 04:00:00+00:00,52.35874538836393
2021-08-12 04:00:00+00:00,52.27022392648415
2021-08-13 04:00:00+00:00,51.8661527958037
2021-08-16 04:00:00+00:00,53.14678702035011
2021-08-17 04:00:00+00:00,64.64835411748291
2021-08-18 04:00:00+00:00,50.630370392019366
2021-08-19 04:00:00+00:00,48.50606303604252
2021-08-20 04:00:00+00:00,50.697506512786674
2021-08-23 04:00:00+00:00,49.425758180751714
2021-08-24 04:00:00+00:00,49.47717070580437
2021-08-25 04:00:00+00:00,49.48724819568732
2021-08-26 04:00:00+00:00,48.25112116189798
2021-08-27 04:00:00+00:00,50.86481024531216
2021-08-30 04:00:00+00:00,51.04011592870806
2021-08-31 04:00:00+00:00,51.06453854755382
2021-09-01 04:00:00+00:00,49.5572483760824
2021-09-02 04:00:00+00:00,49.81147532911485
2021-09-03 04:00:00+00:00,49.35132749206114
2021-09-07 04:00:00+00:00,49.48823709766473
2021-09-08 04:00:00+00:00,49.513034605463375
2021-09-09 04:00:00+00:00,49.43874403453172
2021-09-10 04:00:00+00:00,47.60507293997481
2021-09-13 04:00:00+00:00,47.56910196450137
2021-09-14 04:00:00+00:00,47.53075326230365
2021-09-15 04:00:00+00:00,49.89572827371193
2021-09-16 04:00:00+00:00,51.05414183696624
2021-09-17 04:00:00+00:00,48.74396508003205
2021-09-20 04:00:00+00:00,41.78219653949756
2021-09-21 04:00:00+00:00,40.23352236672613
2021-09-22 04:00:00+00:00,40.88447204289436
2021-09-23 04:00:00+00:00,45.57832376758245
2021-09-24 04:00:00+00:00,45.60061928390035
2021-09-27 04:00:00+00:00,45.87786707952838
2021-09-28 04:00:00+00:00,38.01549389721547
2021-09-29 04:00:00+00:00,37.72793857390272
2021-09-30 04:00:00+00:00,36.80492973689926
2021-10-01 04:00:00+00:00,40.236357889507154
2021-10-04 04:00:00+00:00,39.72163936016002
2021-10-05 04:00:00+00:00,41.35896192207702
2021-10-06 04:00:00+00:00,40.83222873092259
2021-10-07 04:00:00+00:00,41.26002968697385
2021-10-08 04:00:00+00:00,41.14785362189676
2021-10-11 04:00:00+00:00,41.22260524144038
2021-10-12 04:00:00+00:00,41.76159940334394
2021-10-13 04:00:00+00:00,41.16243838384691
2021-10-14 04:00:00+00:00,44.8929937010048
2021-10-15 04:00:00+00:00,44.67888425177028
2021-10-18 04:00:00+00:00,45.330024406130164
2021-10-19 04:00:00+00:00,48.16526033054802
2021-10-20 04:00:00+00:00,47.54411163816459
2021-10-21 04:00:00+00:00,47.04177520086824
2021-10-22 04:00:00+00:00,45.98120280790649
2021-10-25 04:00:00+00:00,45.882473897032625
2021-10-26 04:00:00+00:00,45.5293454544085
2021-10-27 04:00:00+00:00,54.33793955206176
2021-10-28 04:00:00+00:00,54.99355418341057
2021-10-29 04:00:00+00:00,59.65781744029098
2021-11-01 04:00:00+00:00,58.394698663420485
2021-11-02 04:00:00+00:00,70.09169782874743
2021-11-03 04:00:00+00:00,69.24287178720913
2021-11-04 04:00:00+00:00,69.25767132959419
2021-11-05 04:00:00+00:00,68.66513787011408
2021-11-08 05:00:00+00:00,68.5284429857751
2021-11-09 05:00:00+00:00,75.575596608279
2021-11-10 05:00:00+00:00,65.24552804339562
2021-11-11 05:00:00+00:00,65.6958128063152
2021-11-12 05:00:00+00:00,58.95602694656898
2021-11-15 05:00:00+00:00,58.329317413999306
2021-11-16 05:00:00+00:00,58.3929945605109
2021-11-17 05:00:00+00:00,57.18029488503865
2021-11-18 05:00:00+00:00,57.12283068558429
2021-11-19 05:00:00+00:00,57.69984859855683
2021-11-22 05:00:00+00:00,57.24388020073738
2021-11-23 05:00:00+00:00,56.74667527393718
2021-11-24 05:00:00+00:00,56.55706479855082
2021-11-26 05:00:00+00:00,34.83921343996066
2021-11-29 05:00:00+00:00,37.848912273444746
2021-11-30 05:00:00+00:00,33.22942137007203
2021-12-01 05:00:00+00:00,32.8611067156688
2021-12-02 05:00:00+00:00,39.05089226436947
2021-12-03 05:00:00+00:00,38.79171675543005
2021-12-06 05:00:00+00:00,41.06776188817953
2021-12-07 05:00:00+00:00,47.52825040613277
2021-12-08 05:00:00+00:00,47.39704813119879
2021-12-09 05:00:00+00:00,47.27862400007463
2021-12-10 05:00:00+00:00,47.54869801338569
2021-12-13 05:00:00+00:00,47.42669731331276
2021-12-14 05:00:00+00:00,47.65873224089177
2021-12-15 05:00:00+00:00,49.44523181233636
2021-12-16 05:00:00+00:00,49.772898405468865
2021-12-17 05:00:00+00:00,48.72488808893133
2021-12-20 05:00:00+00:00,49.07858157946597
2021-12-21 05:00:00+00:00,50.675273086203845
2021-12-22 05:00:00+00:00,50.265224624675355
2021-12-23 05:00:00+00:00,50.02512230321126
2021-12-27 05:00:00+00:00,50.708904487383265
2021-12-28 05:00:00+00:00,54.98986300033192
2021-12-29 05:00:00+00:00,54.844428644643806
2021-12-30 05:00:00+00:00,59.77670456883318
2021-12-31 05:00:00+00:00,61.20103620200111
2022-01-03 05:00:00+00:00,60.185138739217145
2022-01-04 05:00:00+00:00,60.800723931699714
2022-01-05 05:00:00+00:00,54.57129519581983
2022-01-06 05:00:00+00:00,51.05808964539349
2022-01-07 05:00:00+00:00,51.62920926649332
2022-01-10 05:00:00+00:00,51.62852136194667
2022-01-11 05:00:00+00:00,51.55800923632639
2022-01-12 05:00:00+00:00,51.591759156774295
2022-01-13 05:00:00+00:00,49.768115656346545
2022-01-14 05:00:00+00:00,47.07255006277836
2022-01-18 05:00:00+00:00,44.48410954960171
2022-01-19 05:00:00+00:00,45.4279617421014
2022-01-20 05:00:00+00:00,45.379907395444974
2022-01-21 05:00:00+00:00,37.31200178651595
2022-01-24 05:00:00+00:00,35.28647228000143
2022-01-25 05:00:00+00:00,34.558114687042945
2022-01-26 05:00:00+00:00,25.61765306423571
2022-01-27 05:00:00+00:00,25.838153216095122
2022-01-28 05:00:00+00:00,43.60083790828038
2022-01-31 05:00:00+00:00,47.07630433275034
2022-02-01 05:00:00+00:00,46.8290265322186
2022-02-02 05:00:00+00:00,47.30877328482545
2022-02-03 05:00:00+00:00,44.48310665651359
2022-02-04 05:00:00+00:00,45.82579871392054
2022-02-07 05:00:00+00:00,46.00405648733559
2022-02-08 05:00:00+00:00,45.703175133416
2022-02-09 05:00:00+00:00,46.71018293532945
2022-02-10 05:00:00+00:00,45.63951107911904
2022-02-11 05:00:00+00:00,44.876822839336754
2022-02-14 05:00:00+00:00,45.180153799330746
2022-02-15 05:00:00+00:00,46.47272836053753
2022-02-16 05:00:00+00:00,47.22351168823072
2022-02-17 05:00:00+00:00,45.43814163235244
2022-02-18 05:00:00+00:00,45.61221773118286
2022-02-22 05:00:00+00:00,47.018730761360764
2022-02-23 05:00:00+00:00,46.70045697039023
2022-02-24 05:00:00+00:00,47.01043888590839
2022-02-25 05:00:00+00:00,48.95652829195794
2022-02-28 05:00:00+00:00,48.86231392472526
2022-03-01 05:00:00+00:00,45.593428306322615
2022-03-02 05:00:00+00:00,45.560886143010336
2022-03-03 05:00:00+00:00,46.21856475800694
2022-03-04 05:00:00+00:00,46.645011288303714
2022-03-07 05:00:00+00:00,45.243320320145195
2022-03-08 05:00:00+00:00,45.952026694648005
2022-03-09 05:00:00+00:00,49.28757269198223
2022-03-10 05:00:00+00:00,49.86750295202667
2022-03-11 05:00:00+00:00,49.668444764646495
2022-03-14 04:00:00+00:00,50.57379526342645
2022-03-15 04:00:00+00:00,53.27001208772463
2022-03-16 04:00:00+00:00,54.3305426268095
2022-03-17 04:00:00+00:00,53.946787232990246
2022-03-18 04:00:00+00:00,53.75434162234424
2022-03-21 04:00:00+00:00,55.70704195528068
2022-03-22 04:00:00+00:00,55.16968209320942
2022-03-23 04:00:00+00:00,54.83838317691647
2022-03-24 04:00:00+00:00,55.989286104347634
2022-03-25 04:00:00+00:00,55.82284391166811
2022-03-28 04:00:00+00:00,54.134516810880974
2022-03-29 04:00:00+00:00,53.76757105168548
2022-03-30 04:00:00+00:00,55.030779855034815
2022-03-31 04:00:00+00:00,53.1829383114749
2022-04-01 04:00:00+00:00,52.62940700690453
2022-04-04 04:00:00+00:00,52.0859909862113
2022-04-05 04:00:00+00:00,59.7698082609871
2022-04-06 04:00:00+00:00,59.207566463792915
2022-04-07 04:00:00+00:00,55.637407327231195
2022-04-08 04:00:00+00:00,55.614942050969596
2022-04-11 04:00:00+00:00,53.658266229352975
2022-04-12 04:00:00+00:00,53.79950419267215
2022-04-13 04:00:00+00:00,51.207993205280964
2022-04-14 04:00:00+00:00,46.22776860037525
2022-04-18 04:00:00+00:00,45.23541206063892
2022-04-19 04:00:00+00:00,47.78749035516483
2022-04-20 04:00:00+00:00,47.84507511212948
2022-04-21 04:00:00+00:00,45.946966580528496
2022-04-22 04:00:00+00:00,41.186789736983314
2022-04-25 04:00:00+00:00,38.51042444169332
2022-04-26 04:00:00+00:00,35.43862020393483
2022-04-27 04:00:00+00:00,35.1018737938349
2022-04-28 04:00:00+00:00,41.09393881308955
2022-04-29 04:00:00+00:00,36.64904105319909
2022-05-02 04:00:00+00:00,36.46102706045213
2022-05-03 04:00:00+00:00,36.446978293814034
2022-05-04 04:00:00+00:00,42.785003192687384
2022-05-05 04:00:00+00:00,39.91884650803508
2022-05-06 04:00:00+00:00,39.88582988165115
2022-05-09 04:00:00+00:00,38.90310393976176
2022-05-10 04:00:00+00:00,38.61107362688473
2022-05-11 04:00:00+00:00,38.72959211787119
2022-05-12 04:00:00+00:00,38.589201228049106
2022-05-13 04:00:00+00:00,40.363669546638484
2022-05-16 04:00:00+00:00,40.27726585263429
2022-05-17 04:00:00+00:00,41.27884008131956
2022-05-18 04:00:00+00:00,38.81732741389766
2022-05-19 04:00:00+00:00,39.036129357008626
2022-05-20 04:00:00+00:00,38.711577610613354
2022-05-23 04:00:00+00:00,39.856971204371
2022-05-24 04:00:00+00:00,40.35357999987685
2022-05-25 04:00:00+00:00,41.03611831854323
2022-05-26 04:00:00+00:00,41.78760531014733
2022-05-27 04:00:00+00:00,41.5031168015018
2022-05-31 04:00:00+00:00,44.51214106479699
2022-06-01 04:00:00+00:00,45.027677381247244
2022-06-02 04:00:00+00:00,45.69778231941013
2022-06-03 04:00:00+00:00,42.55010503606878
2022-06-06 04:00:00+00:00,45.894452416945924
2022-06-07 04:00:00+00:00,45.40341959783976
2022-06-08 04:00:00+00:00,49.24716926658747
2022-06-09 04:00:00+00:00,47.64851561237986
2022-06-10 04:00:00+00:00,45.54032359524436
2022-06-13 04:00:00+00:00,42.35162854105215
2022-06-14 04:00:00+00:00,40.76602130230985
2022-06-15 04:00:00+00:00,40.637141753940945
2022-06-16 04:00:00+00:00,38.044494576958556
2022-06-17 04:00:00+00:00,41.456504618851014
2022-06-21 04:00:00+00:00,43.12589773012201
2022-06-22 04:00:00+00:00,43.27632668299795
2022-06-23 04:00:00+00:00,42.2791457236908
2022-06-24 04:00:00+00:00,45.34899756001653
2022-06-27 04:00:00+00:00,45.87926894615006
2022-06-28 04:00:00+00:00,44.924859333521354
2022-06-29 04:00:00+00:00,42.68211847793103
2022-06-30 04:00:00+00:00,42.72298110693986
2022-07-01 04:00:00+00:00,42.31824844423313
2022-07-05 04:00:00+00:00,40.802744594424134
2022-07-06 04:00:00+00:00,40.61262289883174
2022-07-07 04:00:00+00:00,41.277734586268494
2022-07-08 04:00:00+00:00,41.37557779035918
2022-07-11 04:00:00+00:00,41.380422039137315
2022-07-12 04:00:00+00:00,42.55899917124316
2022-07-13 04:00:00+00:00,45.011363384513544
2022-07-14 04:00:00+00:00,52.29519294979244
2022-07-15 04:00:00+00:00,53.15845998845596
2022-07-18 04:00:00+00:00,53.04147083270157
2022-07-19 04:00:00+00:00,65.93109526159304
2022-07-20 04:00:00+00:00,65.47795840866362
2022-07-21 04:00:00+00:00,63.79222721456686
2022-07-22 04:00:00+00:00,63.154512596362835
2022-07-25 04:00:00+00:00,63.23885227861024
2022-07-26 04:00:00+00:00,56.95177445969766
2022-07-27 04:00:00+00:00,60.44664981888208
2022-07-28 04:00:00+00:00,66.53752823136253
2022-07-29 04:00:00+00:00,66.62780913198853
2022-08-01 04:00:00+00:00,67.32128501805664
2022-08-02 04:00:00+00:00,67.39255433509649
2022-08-03 04:00:00+00:00,67.83011839492053
2022-08-04 04:00:00+00:00,68.18500188034383
2022-08-05 04:00:00+00:00,68.31850566372512
2022-08-08 04:00:00+00:00,68.37609546431713
2022-08-09 04:00:00+00:00,70.51103087919147
2022-08-10 04:00:00+00:00,72.5366833639823
2022-08-11 04:00:00+00:00,72.55946681435225
2022-08-12 04:00:00+00:00,72.60421170749544
2022-08-15 04:00:00+00:00,72.06910736874958
2022-08-16 04:00:00+00:00,73.17697290179677
2022-08-17 04:00:00+00:00,69.98998376651696
2022-08-18 04:00:00+00:00,70.06282474935269
2022-08-19 04:00:00+00:00,65.62555139000287
2022-08-22 04:00:00+00:00,58.652182034184
2022-08-23 04:00:00+00:00,58.95343074635902
2022-08-24 04:00:00+00:00,59.79784877332724
2022-08-25 04:00:00+00:00,56.74792552657134
2022-08-26 04:00:00+00:00,44.742436142616114
2022-08-29 04:00:00+00:00,43.766310176909954
2022-08-30 04:00:00+00:00,43.54669732852215
2022-08-31 04:00:00+00:00,43.52598346246377
2022-09-01 04:00:00+00:00,41.44158508390229
2022-09-02 04:00:00+00:00,41.46130197573227
2022-09-06 04:00:00+00:00,41.55663939807325
2022-09-07 04:00:00+00:00,43.8512691027879
2022-09-08 04:00:00+00:00,43.44221521719378
2022-09-09 04:00:00+00:00,41.080077893581084
2022-09-12 04:00:00+00:00,41.408165261639866
2022-09-13 04:00:00+00:00,31.85625801085598
2022-09-14 04:00:00+00:00,31.851432888756563
2022-09-15 04:00:00+00:00,32.246348822203686
2022-09-16 04:00:00+00:00,32.219353551170514
2022-09-19 04:00:00+00:00,32.42282162604975
2022-09-20 04:00:00+00:00,32.5228858748051
2022-09-21 04:00:00+00:00,32.95882878015037
2022-09-22 04:00:00+00:00,33.09172484311834
2022-09-23 04:00:00+00:00,33.45068058829952
2022-09-26 04:00:00+00:00,31.88575671999098
2022-09-27 04:00:00+00:00,35.045318617777696
2022-09-28 04:00:00+00:00,37.98982760753125
2022-09-29 04:00:00+00:00,37.33349010430935
2022-09-30 04:00:00+00:00,37.16486572202981
2022-10-03 04:00:00+00:00,41.72194193290614
2022-10-04 04:00:00+00:00,45.7427919624534
2022-10-05 04:00:00+00:00,45.66264310605577
2022-10-06 04:00:00+00:00,45.20400463460615
2022-10-07 04:00:00+00:00,44.313980251891884
2022-10-10 04:00:00+00:00,43.99241335465042
2022-10-11 04:00:00+00:00,44.17718638242491
2022-10-12 04:00:00+00:00,53.599329311713554
2022-10-13 04:00:00+00:00,56.417199079775266
2022-10-14 04:00:00+00:00,54.84629170256338
2022-10-17 04:00:00+00:00,56.032372273109765
2022-10-18 04:00:00+00:00,56.15432726094454
2022-10-19 04:00:00+00:00,56.22845695948874
2022-10-20 04:00:00+00:00,57.04244356835325
2022-10-21 04:00:00+00:00,57.62560331539315
2022-10-24 04:00:00+00:00,57.76758353820737
2022-10-25 04:00:00+00:00,57.40617446370401
2022-10-26 04:00:00+00:00,57.528028669844275
2022-10-27 04:00:00+00:00,57.718933160335865
2022-10-28 04:00:00+00:00,60.053626847531106
2022-10-31 04:00:00+00:00,60.915838609501876
2022-11-01 04:00:00+00:00,60.3192810454322
2022-11-02 04:00:00+00:00,54.402415265735044
2022-11-03 04:00:00+00:00,54.51383818728762
2022-11-04 04:00:00+00:00,54.21830849945856
2022-11-07 05:00:00+00:00,58.24597869532017
2022-11-08 05:00:00+00:00,57.61447181189026
2022-11-09 05:00:00+00:00,55.05986402408
2022-11-10 05:00:00+00:00,63.393978107829646
2022-11-11 05:00:00+00:00,62.71260873051377
2022-11-14 05:00:00+00:00,65.39065605136182
2022-11-15 05:00:00+00:00,64.67139413711567
2022-11-16 05:00:00+00:00,65.11967682102356
2022-11-17 05:00:00+00:00,65.09879170429244
2022-11-18 05:00:00+00:00,64.72813639426887
2022-11-21 05:00:00+00:00,64.41044397012855
2022-11-22 05:00:00+00:00,64.48445405326233
2022-11-23 05:00:00+00:00,64.22726969284545
2022-11-25 05:00:00+00:00,64.07415148023105
2022-11-28 05:00:00+00:00,62.51264638496803
2022-11-29 05:00:00+00:00,61.70347038200047
2022-11-30 05:00:00+00:00,63.76054144642255
2022-12-01 05:00:00+00:00,63.597089406478666
2022-12-02 05:00:00+00:00,68.94359607489142
2022-12-05 05:00:00+00:00,66.27485732677766
2022-12-06 05:00:00+00:00,65.17166570381563
2022-12-07 05:00:00+00:00,65.44712896002612
2022-12-08 05:00:00+00:00,65.4503005281496
2022-12-09 05:00:00+00:00,68.6452326983526
2022-12-12 05:00:00+00:00,57.11361263846094
2022-12-13 05:00:00+00:00,56.94572986963283
2022-12-14 05:00:00+00:00,57.207510220101454
2022-12-15 05:00:00+00:00,51.62132086003599
2022-12-16 05:00:00+00:00,50.39061407943826
2022-12-19 05:00:00+00:00,50.39339861054552
2022-12-20 05:00:00+00:00,50.464792838778855
2022-12-21 05:00:00+00:00,51.00500216227381
2022-12-22 05:00:00+00:00,50.06903070819902
2022-12-23 05:00:00+00:00,50.03506202445529
2022-12-27 05:00:00+00:00,50.35648347131763
2022-12-28 05:00:00+00:00,51.06513471016907
2022-12-29 05:00:00+00:00,52.25627491951157
2022-12-30 05:00:00+00:00,42.94795542088693
2023-01-03 05:00:00+00:00,43.23686951978979
2023-01-04 05:00:00+00:00,43.16739005615069
2023-01-05 05:00:00+00:00,44.66951430327497
2023-01-06 05:00:00+00:00,50.08690503828109
2023-01-09 05:00:00+00:00,49.96045713495725
2023-01-10 05:00:00+00:00,49.89497816774084
2023-01-11 05:00:00+00:00,50.067794560314745
2023-01-12 05:00:00+00:00,48.90266209233733
2023-01-13 05:00:00+00:00,48.77900672630852
2023-01-17 05:00:00+00:00,48.701668839385924
2023-01-18 05:00:00+00:00,52.91772190140476
2023-01-19 05:00:00+00:00,55.586032333412774
2023-01-20 05:00:00+00:00,57.73227651079348
2023-01-23 05:00:00+00:00,57.989030173290395
2023-01-24 05:00:00+00:00,57.57074424227394
2023-01-25 05:00:00+00:00,60.11316203903564
2023-01-26 05:00:00+00:00,60.50380407260112
2023-01-27 05:00:00+00:00,60.08660558228601
2023-01-30 05:00:00+00:00,59.633193341645274
2023-01-31 05:00:00+00:00,59.059481472914705
2023-02-01 05:00:00+00:00,58.79636115507024
2023-02-02 05:00:00+00:00,59.14210234650782
2023-02-03 05:00:00+00:00,58.07877846893707
2023-02-06 05:00:00+00:00,59.38857566826038
2023-02-07 05:00:00+00:00,56.8473224907002
2023-02-08 05:00:00+00:00,55.26819689053391
2023-02-09 05:00:00+00:00,55.3220042903973
2023-02-10 05:00:00+00:00,54.7279401314085
2023-02-13 05:00:00+00:00,55.3410227567543
2023-02-14 05:00:00+00:00,55.794028182995554
2023-02-15 05:00:00+00:00,55.22338882683292
2023-02-16 05:00:00+00:00,55.97100207017134
2023-02-17 05:00:00+00:00,56.28359865475284
2023-02-21 05:00:00+00:00,48.87625166293898
2023-02-22 05:00:00+00:00,48.35529077007517
2023-02-23 05:00:00+00:00,47.921753189751556
2023-02-24 05:00:00+00:00,47.69681850096597
2023-02-27 05:00:00+00:00,46.78428374916085
2023-02-28 05:00:00+00:00,47.38759720178416
2023-03-01 05:00:00+00:00,48.444829364860595
2023-03-02 05:00:00+00:00,46.13792528252578
2023-03-03 05:00:00+00:00,48.32910451781707
2023-03-06 05:00:00+00:00,45.51138824417753
2023-03-07 05:00:00+00:00,44.24810991494046
2023-03-08 05:00:00+00:00,43.78563641437402
2023-03-09 05:00:00+00:00,38.70975537367892
2023-03-10 05:00:00+00:00,38.21976977475693
2023-03-13 04:00:00+00:00,38.19859795784626
2023-03-14 04:00:00+00:00,42.627631807941185
2023-03-15 04:00:00+00:00,41.189979905636825
2023-03-16 04:00:00+00:00,45.20153649218153
2023-03-17 04:00:00+00:00,44.67923904856063
2023-03-20 04:00:00+00:00,45.57143412390004
2023-03-21 04:00:00+00:00,46.400649259096205
2023-03-22 04:00:00+00:00,47.57535812940503
2023-03-23 04:00:00+00:00,47.15399073055322
2023-03-24 04:00:00+00:00,47.20850810747689
2023-03-27 04:00:00+00:00,47.146453805216225
2023-03-28 04:00:00+00:00,47.664755530761745
2023-03-29 04:00:00+00:00,48.49982510082778
2023-03-30 04:00:00+00:00,47.84543863450526
2023-03-31 04:00:00+00:00,48.90117960031126
2023-04-03 04:00:00+00:00,47.23982853001549
2023-04-04 04:00:00+00:00,47.58187083813333
2023-04-05 04:00:00+00:00,49.34455263715172
2023-04-06 04:00:00+00:00,49.168035015342774
2023-04-10 04:00:00+00:00,52.701075399290424
2023-04-11 04:00:00+00:00,55.43898659145047
2023-04-12 04:00:00+00:00,55.39518742714749
2023-04-13 04:00:00+00:00,54.62495932188367
2023-04-14 04:00:00+00:00,54.972949113390484
2023-04-17 04:00:00+00:00,52.02147506754618
2023-04-18 04:00:00+00:00,57.50824141296957
2023-04-19 04:00:00+00:00,57.36556077394591
2023-04-20 04:00:00+00:00,55.20345133851638
2023-04-21 04:00:00+00:00,71.46910869736192
2023-04-24 04:00:00+00:00,71.57726544903431
2023-04-25 04:00:00+00:00,55.97156156694513
2023-04-26 04:00:00+00:00,56.11529285190702
2023-04-27 04:00:00+00:00,61.22775359057836
2023-04-28 04:00:00+00:00,59.761985644307345
2023-05-01 04:00:00+00:00,60.022596544976714
2023-05-02 04:00:00+00:00,54.73907138881449
2023-05-03 04:00:00+00:00,54.512566321771274
2023-05-04 04:00:00+00:00,54.17704740840654
2023-05-05 04:00:00+00:00,58.279401295757964
2023-05-08 04:00:00+00:00,58.41964980453244
2023-05-09 04:00:00+00:00,58.69836574341332
2023-05-10 04:00:00+00:00,58.58864423911896
2023-05-11 04:00:00+00:00,58.58319403991872
2023-05-12 04:00:00+00:00,57.182254592593694
2023-05-15 04:00:00+00:00,56.77968063952899
2023-05-16 04:00:00+00:00,56.759302716342084
2023-05-17 04:00:00+00:00,58.099702638420275
2023-05-18 04:00:00+00:00,58.49063485360346
2023-05-19 04:00:00+00:00,58.601203438876745
2023-05-22 04:00:00+00:00,58.63697835818534
2023-05-23 04:00:00+00:00,57.06402215903534
2023-05-24 04:00:00+00:00,61.78873895055067
2023-05-25 04:00:00+00:00,61.61461897504266
2023-05-26 04:00:00+00:00,58.875390230832714
2023-05-30 04:00:00+00:00,58.58840362399278
2023-05-31 04:00:00+00:00,58.46214489731921
2023-06-01 04:00:00+00:00,61.71086692771799
2023-06-02 04:00:00+00:00,64.03094260375735
2023-06-05 04:00:00+00:00,65.28580837416216
2023-06-06 04:00:00+00:00,61.71481551112014
2023-06-07 04:00:00+00:00,61.876364512476464
2023-06-08 04:00:00+00:00,61.72620995562649
2023-06-09 04:00:00+00:00,61.81726627904605
2023-06-12 04:00:00+00:00,61.84655166599673
2023-06-13 04:00:00+00:00,61.33967981685922
2023-06-14 04:00:00+00:00,61.56333770009576
2023-06-15 04:00:00+00:00,63.81130526247515
2023-06-16 04:00:00+00:00,61.39128838871713
2023-06-20 04:00:00+00:00,60.75664351540711
2023-06-21 04:00:00+00:00,60.25298318779441
2023-06-22 04:00:00+00:00,59.926071297625136
2023-06-23 04:00:00+00:00,62.77114650435287
2023-06-26 04:00:00+00:00,64.22981983282489
2023-06-27 04:00:00+00:00,64.89730114864506
2023-06-28 04:00:00+00:00,63.498845046671576
2023-06-29 04:00:00+00:00,63.19467775338116
2023-06-30 04:00:00+00:00,65.04578419131659
2023-07-03 04:00:00+00:00,64.69664511752464
2023-07-05 04:00:00+00:00,62.36766876606139
2023-07-06 04:00:00+00:00,59.471679957697646
2023-07-07 04:00:00+00:00,60.064155617479976
2023-07-10 04:00:00+00:00,59.561379184403876
2023-07-11 04:00:00+00:00,59.65174725008393
2023-07-12 04:00:00+00:00,60.21316886676757
2023-07-13 04:00:00+00:00,59.96593517068205
2023-07-14 04:00:00+00:00,60.21791373300506
2023-07-17 04:00:00+00:00,60.06240282622022
2023-07-18 04:00:00+00:00,57.8579991632966
2023-07-19 04:00:00+00:00,59.470995138071366
2023-07-20 04:00:00+00:00,58.270404594020945
2023-07-21 04:00:00+00:00,59.053399106768424
2023-07-24 04:00:00+00:00,59.11191264130897
2023-07-25 04:00:00+00:00,62.1409409689643
2023-07-26 04:00:00+00:00,62.992155414417184
2023-07-27 04:00:00+00:00,57.65011519905108
2023-07-28 04:00:00+00:00,59.43878137484901
2023-07-31 04:00:00+00:00,59.51764641517342
2023-08-01 04:00:00+00:00,56.28219720281632
2023-08-02 04:00:00+00:00,46.84074466685321
2023-08-03 04:00:00+00:00,46.82831762111492
2023-08-04 04:00:00+00:00,48.05470438897565
2023-08-07 04:00:00+00:00,49.24264403434055
2023-08-08 04:00:00+00:00,49.59781652631707
2023-08-09 04:00:00+00:00,48.72341387787216
2023-08-10 04:00:00+00:00,47.42945501541743
2023-08-11 04:00:00+00:00,45.86990568900734
2023-08-14 04:00:00+00:00,46.187631834499236
2023-08-15 04:00:00+00:00,43.419775572922845
2023-08-16 04:00:00+00:00,41.400782792259584
2023-08-17 04:00:00+00:00,41.4146170806246
2023-08-18 04:00:00+00:00,41.28707100295079
2023-08-21 04:00:00+00:00,42.421276674023815
2023-08-22 04:00:00+00:00,42.549001874828015
2023-08-23 04:00:00+00:00,46.81651267429066
2023-08-24 04:00:00+00:00,44.17077850204686
2023-08-25 04:00:00+00:00,44.67110664965555
2023-08-28 04:00:00+00:00,42.755170097491586
2023-08-29 04:00:00+00:00,48.209507562360486
2023-08-30 04:00:00+00:00,47.61443282376428
2023-08-31 04:00:00+00:00,51.20570136166317
2023-09-01 04:00:00+00:00,50.62641426224347
2023-09-05 04:00:00+00:00,50.646310191767405
2023-09-06 04:00:00+00:00,49.611784214986166
2023-09-07 04:00:00+00:00,49.6635169927609
2023-09-08 04:00:00+00:00,49.626573612963604
2023-09-11 04:00:00+00:00,49.86042456333849
2023-09-12 04:00:00+00:00,49.82133376675542
2023-09-13 04:00:00+00:00,49.71078991517501
2023-09-14 04:00:00+00:00,53.28908964402425
2023-09-15 04:00:00+00:00,48.04490884893401
2023-09-18 04:00:00+00:00,48.38633236582415
2023-09-19 04:00:00+00:00,48.68068794457592
2023-09-20 04:00:00+00:00,47.745021557112395
2023-09-21 04:00:00+00:00,43.78768464817217
2023-09-22 04:00:00+00:00,41.843068097347974
2023-09-25 04:00:00+00:00,43.76537703761232
2023-09-26 04:00:00+00:00,40.93480277681217
2023-09-27 04:00:00+00:00,40.37349586073471
2023-09-28 04:00:00+00:00,31.993920587738188
2023-09-29 04:00:00+00:00,31.860610755815614
2023-10-02 04:00:00+00:00,31.739893803352913
2023-10-03 04:00:00+00:00,30.90710091118285
2023-10-04 04:00:00+00:00,32.591418703402326
2023-10-05 04:00:00+00:00,32.468756682632744
2023-10-06 04:00:00+00:00,37.064488931339014
2023-10-09 04:00:00+00:00,37.72772946025352
2023-10-10 04:00:00+00:00,37.24027928254539
2023-10-11 04:00:00+00:00,36.88248931323462
2023-10-12 04:00:00+00:00,37.250315749514805
2023-10-13 04:00:00+00:00,35.729211533956175
2023-10-16 04:00:00+00:00,40.998557002825166
2023-10-17 04:00:00+00:00,41.12494158126303
2023-10-18 04:00:00+00:00,39.38137113628983
2023-10-19 04:00:00+00:00,39.50221085433571
2023-10-20 04:00:00+00:00,41.41117893115187
2023-10-23 04:00:00+00:00,41.36952994717211
2023-10-24 04:00:00+00:00,42.15994154808637
2023-10-25 04:00:00+00:00,42.44607754382438
2023-10-26 04:00:00+00:00,41.650449494204885
2023-10-27 04:00:00+00:00,41.933256578400666
2023-10-30 04:00:00+00:00,44.026932315640046
2023-10-31 04:00:00+00:00,43.897930339803075
2023-11-01 04:00:00+00:00,46.46084277617706
2023-11-02 04:00:00+00:00,51.615422246081394
2023-11-03 04:00:00+00:00,51.542262483412244
2023-11-06 05:00:00+00:00,50.578019193821326
2023-11-07 05:00:00+00:00,50.52399237400092
2023-11-08 05:00:00+00:00,50.74263257118961
2023-11-09 05:00:00+00:00,51.03614532900618
2023-11-10 05:00:00+00:00,53.04939507718025
2023-11-13 05:00:00+00:00,52.9262692078522
2023-11-14 05:00:00+00:00,55.93546046763257
2023-11-15 05:00:00+00:00,55.68788100834527
2023-11-16 05:00:00+00:00,57.7959849432389
2023-11-17 05:00:00+00:00,58.421808526200444
2023-11-20 05:00:00+00:00,61.0337060518329
2023-11-21 05:00:00+00:00,61.03174942257285
2023-11-22 05:00:00+00:00,61.013167856167954
2023-11-24 05:00:00+00:00,67.7577447534909
2023-11-27 05:00:00+00:00,76.63976544058664
2023-11-28 05:00:00+00:00,78.08702717370629
2023-11-29 05:00:00+00:00,78.03102779045963
2023-11-30 05:00:00+00:00,78.0237364596381
2023-12-01 05:00:00+00:00,77.71009505743646
2023-12-04 05:00:00+00:00,72.20836522192894
2023-12-05 05:00:00+00:00,71.93291210310909
2023-12-06 05:00:00+00:00,71.05558167442305
2023-12-07 05:00:00+00:00,71.43513555928021
2023-12-08 05:00:00+00:00,71.3129436188971
2023-12-11 05:00:00+00:00,77.62761808076672
2023-12-12 05:00:00+00:00,75.01221791088807
2023-12-13 05:00:00+00:00,76.99900091013396
2023-12-14 05:00:00+00:00,70.67635486931144
2023-12-15 05:00:00+00:00,66.10196182849143
2023-12-18 05:00:00+00:00,66.25203957270409
2023-12-19 05:00:00+00:00,66.42941041427318
2023-12-20 05:00:00+00:00,50.9962613806541
2023-12-21 05:00:00+00:00,52.24525399291596
2023-12-22 05:00:00+00:00,52.330845266021086
2023-12-26 05:00:00+00:00,51.97763817603344
2023-12-27 05:00:00+00:00,51.396620124760055
2023-12-28 05:00:00+00:00,51.561401992880434
2023-12-29 05:00:00+00:00,51.47690111299224
2024-01-02 05:00:00+00:00,51.3552978746082
2024-01-03 05:00:00+00:00,49.90619160035195
2024-01-04 05:00:00+00:00,50.2612581856686
2024-01-05 05:00:00+00:00,49.91311482875332
2024-01-08 05:00:00+00:00,53.86189782868746
2024-01-09 05:00:00+00:00,54.04274381934748
2024-01-10 05:00:00+00:00,54.179590004550896
2024-01-11 05:00:00+00:00,54.65542358532185
2024-01-12 05:00:00+00:00,54.83688864517287
2024-01-16 05:00:00+00:00,51.02254083756988
2024-01-17 05:00:00+00:00,51.01113732245033
2024-01-18 05:00:00+00:00,52.602112240571344
2024-01-19 05:00:00+00:00,55.490137188772856
2024-01-22 05:00:00+00:00,55.248047581084045
2024-01-23 05:00:00+00:00,64.46038662743808
2024-01-24 05:00:00+00:00,63.27396087578947
2024-01-25 05:00:00+00:00,63.49638512821038
2024-01-26 05:00:00+00:00,63.913091469758584
2024-01-29 05:00:00+00:00,64.72822725280564
2024-01-30 05:00:00+00:00,64.97632184841726
2024-01-31 05:00:00+00:00,51.84309501120339
2024-02-01 05:00:00+00:00,54.690984687051206
2024-02-02 05:00:00+00:00,56.99740118872117
2024-02-05 05:00:00+00:00,56.90093082587718
2024-02-06 05:00:00+00:00,56.739252374519175
2024-02-07 05:00:00+00:00,54.65650189456857
2024-02-08 05:00:00+00:00,54.44983524330701
2024-02-09 05:00:00+00:00,54.495425091492
2024-02-12 05:00:00+00:00,54.49735504865414
2024-02-13 05:00:00+00:00,49.358875417234
2024-02-14 05:00:00+00:00,49.57904742989713
2024-02-15 05:00:00+00:00,49.42928035937838
2024-02-16 05:00:00+00:00,49.296659537764356
2024-02-20 05:00:00+00:00,47.35512649302053
2024-02-21 05:00:00+00:00,47.52946715563267
2024-02-22 05:00:00+00:00,54.92018036292425
2024-02-23 05:00:00+00:00,54.970329596095226
2024-02-26 05:00:00+00:00,55.39652569952652
2024-02-27 05:00:00+00:00,55.03173117171561
2024-02-28 05:00:00+00:00,55.209940249119704
2024-02-29 05:00:00+00:00,54.815585918992966
2024-03-01 05:00:00+00:00,62.61681585941556
2024-03-04 05:00:00+00:00,61.65107296407724
2024-03-05 05:00:00+00:00,57.77633880692404
2024-03-06 05:00:00+00:00,57.48663806024592
2024-03-07 05:00:00+00:00,58.37087737977625
2024-03-08 05:00:00+00:00,57.73212495660808
2024-03-11 04:00:00+00:00,57.92809451168183
2024-03-12 04:00:00+00:00,58.955380467640055
2024-03-13 04:00:00+00:00,59.08076457664191
2024-03-14 04:00:00+00:00,66.47320507241298
2024-03-15 04:00:00+00:00,62.246293404004795
2024-03-18 04:00:00+00:00,62.14397839311447
2024-03-19 04:00:00+00:00,62.191440737921035
2024-03-20 04:00:00+00:00,63.06755440979124
2024-03-21 04:00:00+00:00,62.87569776937523
2024-03-22 04:00:00+00:00,55.61328707986735
2024-03-25 04:00:00+00:00,55.942386603590286
2024-03-26 04:00:00+00:00,56.1331820601687
2024-03-27 04:00:00+00:00,57.13083074375164
2024-03-28 04:00:00+00:00,56.97163641364632
2024-04-01 04:00:00+00:00,57.591027155277395
2024-04-02 04:00:00+00:00,55.46713728059858
2024-04-03 04:00:00+00:00,55.051552754218925
2024-04-04 04:00:00+00:00,52.70240125330093
2024-04-05 04:00:00+00:00,54.64712932326414
2024-04-08 04:00:00+00:00,53.03094528005046
2024-04-09 04:00:00+00:00,53.3810038988538
2024-04-10 04:00:00+00:00,50.5188550440596
2024-04-11 04:00:00+00:00,48.73739858064407
2024-04-12 04:00:00+00:00,44.3941094682608
2024-04-15 04:00:00+00:00,42.18751485121159
2024-04-16 04:00:00+00:00,43.24846447017376
2024-04-17 04:00:00+00:00,43.06249591180107
2024-04-18 04:00:00+00:00,42.98888915655323
2024-04-19 04:00:00+00:00,39.895417376186344
2024-04-22 04:00:00+00:00,42.53094548105799
2024-04-23 04:00:00+00:00,45.83570978063167
2024-04-24 04:00:00+00:00,45.575842094292746
2024-04-25 04:00:00+00:00,45.66745954795537
2024-04-26 04:00:00+00:00,46.04592605911896
2024-04-29 04:00:00+00:00,45.821158319891225
2024-04-30 04:00:00+00:00,42.851868585681636
2024-05-01 04:00:00+00:00,42.912239005788685
2024-05-02 04:00:00+00:00,44.19845960473258
2024-05-03 04:00:00+00:00,47.45122831393562
2024-05-06 04:00:00+00:00,47.39183639012229
2024-05-07 04:00:00+00:00,47.30905368588812
2024-05-08 04:00:00+00:00,47.48258846683326
2024-05-09 04:00:00+00:00,48.002124081517856
2024-05-10 04:00:00+00:00,47.71557653072585
2024-05-13 04:00:00+00:00,50.78762524444602
2024-05-14 04:00:00+00:00,53.95426985692487
2024-05-15 04:00:00+00:00,55.4181330807494
2024-05-16 04:00:00+00:00,56.076877226798054
2024-05-17 04:00:00+00:00,55.68705737005163
2024-05-20 04:00:00+00:00,57.64353446945801
2024-05-21 04:00:00+00:00,57.150371224020425
2024-05-22 04:00:00+00:00,55.777992096529594
2024-05-23 04:00:00+00:00,54.13111869415975
2024-05-24 04:00:00+00:00,54.06843882421382
2024-05-28 04:00:00+00:00,53.33448495033685
2024-05-29 04:00:00+00:00,52.53947002707912
2024-05-30 04:00:00+00:00,62.484611815872185
2024-05-31 04:00:00+00:00,63.21970370843852
2024-06-03 04:00:00+00:00,62.520889556266894
2024-06-04 04:00:00+00:00,59.73309358327429
2024-06-05 04:00:00+00:00,60.97888221739076
2024-06-06 04:00:00+00:00,61.17152742560701
2024-06-07 04:00:00+00:00,61.34105066549011
2024-06-10 04:00:00+00:00,61.02844317467671
2024-06-11 04:00:00+00:00,60.95001236113964
2024-06-12 04:00:00+00:00,61.749052164760656
2024-06-13 04:00:00+00:00,61.71074252765042
2024-06-14 04:00:00+00:00,58.028019836179084
2024-06-17 04:00:00+00:00,59.07011496323357
2024-06-18 04:00:00+00:00,58.97692532190982
2024-06-20 04:00:00+00:00,59.14129625918543
2024-06-21 04:00:00+00:00,58.693241960452546
2024-06-24 04:00:00+00:00,58.567607307558355
2024-06-25 04:00:00+00:00,61.576614711112434
2024-06-26 04:00:00+00:00,61.03099899737253
2024-06-27 04:00:00+00:00,60.897923325850535
2024-06-28 04:00:00+00:00,64.24382518948838
2024-07-01 04:00:00+00:00,69.5760093595905
2024-07-02 04:00:00+00:00,68.59857423721158
2024-07-03 04:00:00+00:00,68.56639046102859
2024-07-05 04:00:00+00:00,68.82145504997712
2024-07-08 04:00:00+00:00,64.16402617770811
2024-07-09 04:00:00+00:00,63.81684911087455
2024-07-10 04:00:00+00:00,66.92309617216468
2024-07-11 04:00:00+00:00,57.15782695238506
2024-07-12 04:00:00+00:00,57.853884046970435
2024-07-15 04:00:00+00:00,56.17531069570163
2024-07-16 04:00:00+00:00,56.78000848390845
2024-07-17 04:00:00+00:00,45.24692003357533
2024-07-18 04:00:00+00:00,42.75439307414414
2024-07-19 04:00:00+00:00,42.68983720396368
2024-07-22 04:00:00+00:00,45.51609707270036
2024-07-23 04:00:00+00:00,45.69457544161472
2024-07-24 04:00:00+00:00,35.76166483368216
2024-07-25 04:00:00+00:00,36.26970131589499
2024-07-26 04:00:00+00:00,38.93979397652506
2024-07-29 04:00:00+00:00,39.115231657717
2024-07-30 04:00:00+00:00,39.07638481467065
2024-07-31 04:00:00+00:00,44.13405133098233
2024-08-01 04:00:00+00:00,42.77059117712637
2024-08-02 04:00:00+00:00,40.745891819410716
2024-08-05 04:00:00+00:00,36.16594812457205
2024-08-06 04:00:00+00:00,36.757658807407886
2024-08-07 04:00:00+00:00,37.23481136480426
2024-08-08 04:00:00+00:00,42.70037129802976
2024-08-09 04:00:00+00:00,42.1357685957405
2024-08-12 04:00:00+00:00,42.246297505270334
2024-08-13 04:00:00+00:00,44.2208733518801
2024-08-14 04:00:00+00:00,44.21100845570277
2024-08-15 04:00:00+00:00,46.130012716374196
2024-08-16 04:00:00+00:00,45.70809385624118
2024-08-19 04:00:00+00:00,45.34907639071986
2024-08-20 04:00:00+00:00,45.5574880089698
2024-08-21 04:00:00+00:00,45.134370877099954
2024-08-22 04:00:00+00:00,48.25726413498902
2024-08-23 04:00:00+00:00,48.00680090450653
2024-08-26 04:00:00+00:00,48.20989855927063
2024-08-27 04:00:00+00:00,48.11705834066321
2024-08-28 04:00:00+00:00,48.08831471627075
2024-08-29 04:00:00+00:00,46.81899491667533
2024-08-30 04:00:00+00:00,47.88838023627448
2024-09-03 04:00:00+00:00,46.8750963668997
2024-09-04 04:00:00+00:00,57.280530916096644
2024-09-05 04:00:00+00:00,57.56520982283303
2024-09-06 04:00:00+00:00,53.526045776409156
2024-09-09 04:00:00+00:00,49.27788648367489
2024-09-10 04:00:00+00:00,49.27802299430032
2024-09-11 04:00:00+00:00,49.61699883988234
2024-09-12 04:00:00+00:00,47.20147108861919
2024-09-13 04:00:00+00:00,47.18138628980887
2024-09-16 04:00:00+00:00,42.843575323073
2024-09-17 04:00:00+00:00,43.119764758702914
2024-09-18 04:00:00+00:00,42.384583875937466
2024-09-19 04:00:00+00:00,47.235577945021056
2024-09-20 04:00:00+00:00,47.69096980201863
2024-09-23 04:00:00+00:00,47.69028007045673
2024-09-24 04:00:00+00:00,46.53083474285922
2024-09-25 04:00:00+00:00,46.52842825650367
2024-09-26 04:00:00+00:00,46.403983018075756
2024-09-27 04:00:00+00:00,46.580152331689625
2024-09-30 04:00:00+00:00,46.222720384806536
2024-10-01 04:00:00+00:00,44.95742310813752
2024-10-02 04:00:00+00:00,53.56535015582712
2024-10-03 04:00:00+00:00,53.56480463998114
2024-10-04 04:00:00+00:00,53.94015524871347
2024-10-07 04:00:00+00:00,62.276910042155365
2024-10-08 04:00:00+00:00,61.864038145342455
2024-10-09 04:00:00+00:00,62.139774044489144
2024-10-10 04:00:00+00:00,61.57391483459953
2024-10-11 04:00:00+00:00,61.086811584170455
2024-10-14 04:00:00+00:00,61.72653100576981
2024-10-15 04:00:00+00:00,59.52790916244834
2024-10-16 04:00:00+00:00,59.27976073731467
2024-10-17 04:00:00+00:00,59.10759488922431
2024-10-18 04:00:00+00:00,51.726323755237075
2024-10-21 04:00:00+00:00,52.33673307020998
2024-10-22 04:00:00+00:00,52.89011246218894
2024-10-23 04:00:00+00:00,50.20475831044773
2024-10-24 04:00:00+00:00,49.59178988667973
2024-10-25 04:00:00+00:00,49.96635601514498
2024-10-28 04:00:00+00:00,49.39658459769459
2024-10-29 04:00:00+00:00,49.36395603495951
2024-10-30 04:00:00+00:00,52.251650394961146
2024-10-31 04:00:00+00:00,40.4451925700198
2024-11-01 04:00:00+00:00,40.022883355985904
2024-11-04 05:00:00+00:00,38.20810023523588
2024-11-05 05:00:00+00:00,43.40648331617927
2024-11-06 05:00:00+00:00,55.313673179981954
2024-11-07 05:00:00+00:00,55.449589254508965
2024-11-08 05:00:00+00:00,55.07314468204815
2024-11-11 05:00:00+00:00,55.13384125147726
2024-11-12 05:00:00+00:00,55.05897847505121
2024-11-13 05:00:00+00:00,55.81951720674106
2024-11-14 05:00:00+00:00,55.50421005209543
2024-11-15 05:00:00+00:00,52.82803939707383
2024-11-18 05:00:00+00:00,52.83696499157709
2024-11-19 05:00:00+00:00,52.50366243052828
2024-11-20 05:00:00+00:00,52.40373278861285
2024-11-21 05:00:00+00:00,53.1555424572789
2024-11-22 05:00:00+00:00,53.1197037327721
2024-11-25 05:00:00+00:00,52.823565385975364
2024-11-26 05:00:00+00:00,52.85792451472539
2024-11-27 05:00:00+00:00,53.16474882313692
2024-11-29 05:00:00+00:00,52.854768638355694
2024-12-02 05:00:00+00:00,63.939549077730135
2024-12-03 05:00:00+00:00,64.17755846725878
2024-12-04 05:00:00+00:00,63.89903488337071
2024-12-05 05:00:00+00:00,63.14256935722702
2024-12-06 05:00:00+00:00,44.75880335577007
2024-12-09 05:00:00+00:00,41.68653372326284
2024-12-10 05:00:00+00:00,41.695220242911006
2024-12-11 05:00:00+00:00,44.77721948218003
2024-12-12 05:00:00+00:00,44.16062191878418
2024-12-13 05:00:00+00:00,44.38934017612372
2024-12-16 05:00:00+00:00,45.3882038048853
2024-12-17 05:00:00+00:00,57.96259832200906
2024-12-18 05:00:00+00:00,28.365248237140477
2024-12-19 05:00:00+00:00,28.638844650814207
2024-12-20 05:00:00+00:00,30.821373135266043
2024-12-23 05:00:00+00:00,31.05042207667873
2024-12-24 05:00:00+00:00,34.65532008172623
2024-12-26 05:00:00+00:00,35.01621167272275
2024-12-27 05:00:00+00:00,34.38907498057202
2024-12-30 05:00:00+00:00,33.612494879409695
2024-12-31 05:00:00+00:00,33.37730860786823
2025-01-02 05:00:00+00:00,33.7324420784968
2025-01-03 05:00:00+00:00,37.288530636106
2025-01-06 05:00:00+00:00,37.161351038867885
2025-01-07 05:00:00+00:00,36.59115403589587
2025-01-08 05:00:00+00:00,36.62599951640583
2025-01-10 05:00:00+00:00,35.40806178079791
2025-01-13 05:00:00+00:00,35.0136736334742
2025-01-14 05:00:00+00:00,34.12738664411738
2025-01-15 05:00:00+00:00,40.043280833214034
2025-01-16 05:00:00+00:00,40.15779344993379
2025-01-17 05:00:00+00:00,41.08272569017471
2025-01-21 05:00:00+00:00,41.197323629577234
2025-01-22 05:00:00+00:00,52.276166220306195
2025-01-23 05:00:00+00:00,51.8179566866718
2025-01-24 05:00:00+00:00,52.07154084927737
2025-01-27 05:00:00+00:00,49.53978679817094
2025-01-28 05:00:00+00:00,48.8587329120856
2025-01-29 05:00:00+00:00,49.13775881745121
2025-01-30 05:00:00+00:00,49.72156150503167
2025-01-31 05:00:00+00:00,51.3302395918576
2025-02-03 05:00:00+00:00,50.95946356968958
2025-02-04 05:00:00+00:00,50.46085425628271
2025-02-05 05:00:00+00:00,48.71376452150749
2025-02-06 05:00:00+00:00,48.62338879399565
2025-02-07 05:00:00+00:00,49.396729305749574
2025-02-10 05:00:00+00:00,49.44787572305517
2025-02-11 05:00:00+00:00,54.31677311369358
2025-02-12 05:00:00+00:00,54.76540211876008
2025-02-13 05:00:00+00:00,55.63373286331158
2025-02-14 05:00:00+00:00,50.10761747342849
2025-02-18 05:00:00+00:00,49.33388644259577
2025-02-19 05:00:00+00:00,47.55272275968545
2025-02-20 05:00:00+00:00,46.326647483208745
2025-02-21 05:00:00+00:00,39.999715957791786
2025-02-24 05:00:00+00:00,40.1397524383888
2025-02-25 05:00:00+00:00,40.09652371880007
2025-02-26 05:00:00+00:00,43.11717663899304
2025-02-27 05:00:00+00:00,37.177748193156916
2025-02-28 05:00:00+00:00,44.30298701135673
2025-03-03 05:00:00+00:00,40.99307436560327
2025-03-04 05:00:00+00:00,40.174717407739664
2025-03-05 05:00:00+00:00,41.5770935764919
2025-03-06 05:00:00+00:00,39.40798083292075
2025-03-07 05:00:00+00:00,39.5623279005308
2025-03-10 04:00:00+00:00,35.808095494067004
2025-03-11 04:00:00+00:00,35.869562156127984
2025-03-12 04:00:00+00:00,35.50660669224368
2025-03-13 04:00:00+00:00,35.662560362999926
2025-03-14 04:00:00+00:00,41.204477918142736
2025-03-17 04:00:00+00:00,40.46226561665155
2025-03-18 04:00:00+00:00,40.79236141586032
2025-03-19 04:00:00+00:00,41.68418629425249
2025-03-20 04:00:00+00:00,42.20221892447353
2025-03-21 04:00:00+00:00,42.072278151028975
2025-03-24 04:00:00+00:00,45.3518684802014
2025-03-25 04:00:00+00:00,44.75545728341832
2025-03-26 04:00:00+00:00,44.500064090806
2025-03-27 04:00:00+00:00,44.82888418000732
2025-03-28 04:00:00+00:00,44.138219793321326
2025-03-31 04:00:00+00:00,42.16965975387753
2025-04-01 04:00:00+00:00,42.73888036215964
2025-04-02 04:00:00+00:00,42.510500973040095
2025-04-03 04:00:00+00:00,32.36946925684656
2025-04-04 04:00:00+00:00,26.989455929457932
2025-04-07 04:00:00+00:00,27.216316950463494
2025-04-08 04:00:00+00:00,27.79432908781881
2025-04-09 04:00:00+00:00,56.160441844024255
2025-04-10 04:00:00+00:00,54.02674943651272
2025-04-11 04:00:00+00:00,53.80826411249373
2025-04-14 04:00:00+00:00,53.599983648660604
2025-04-15 04:00:00+00:00,53.79788284949356
2025-04-16 04:00:00+00:00,53.568233678134504
2025-04-17 04:00:00+00:00,53.61329430774584
2025-04-21 04:00:00+00:00,53.51525763111648
2025-04-22 04:00:00+00:00,53.68048001509004
2025-04-23 04:00:00+00:00,53.60142161980283
2025-04-24 04:00:00+00:00,53.72788802699749
2025-04-25 04:00:00+00:00,53.35169013767443
2025-04-28 04:00:00+00:00,53.24028424930115
2025-04-29 04:00:00+00:00,53.09153291976633
2025-04-30 04:00:00+00:00,53.208014605328515
2025-05-01 04:00:00+00:00,53.14816389721648
2025-05-02 04:00:00+00:00,53.161812132487185
2025-05-05 04:00:00+00:00,56.7670356818636
2025-05-06 04:00:00+00:00,64.97961541649221
2025-05-07 04:00:00+00:00,64.81282965476714
2025-05-08 04:00:00+00:00,64.91286871439638
2025-05-09 04:00:00+00:00,40.82077831165009
2025-05-12 04:00:00+00:00,58.56282395450511
2025-05-13 04:00:00+00:00,57.9941025164815
2025-05-14 04:00:00+00:00,58.21574830111171
2025-05-15 04:00:00+00:00,57.762060300547
2025-05-16 04:00:00+00:00,63.42314822888784
2025-05-19 04:00:00+00:00,63.43945551415449
2025-05-20 04:00:00+00:00,79.98479700621354
2025-05-21 04:00:00+00:00,65.8828066944165
2025-05-22 04:00:00+00:00,65.56748617303825
2025-05-23 04:00:00+00:00,63.132480899731206
2025-05-27 04:00:00+00:00,65.47332966474343
2025-05-28 04:00:00+00:00,65.2246326524363
2025-05-29 04:00:00+00:00,65.23457440242306
2025-05-30 04:00:00+00:00,65.38802492962509
2025-06-02 04:00:00+00:00,65.36918126099519
2025-06-03 04:00:00+00:00,64.60777956226275
2025-06-04 04:00:00+00:00,64.84046082963204
2025-06-05 04:00:00+00:00,65.7576382039102
2025-06-06 04:00:00+00:00,66.02842053423109
2025-06-09 04:00:00+00:00,66.14007072277923
2025-06-10 04:00:00+00:00,65.82627053433919
2025-06-11 04:00:00+00:00,55.08141615204727
2025-06-12 04:00:00+00:00,54.84707257614139
2025-06-13 04:00:00+00:00,52.33562478571871
2025-06-16 04:00:00+00:00,53.23130625766868
2025-06-17 04:00:00+00:00,52.460699430581684
2025-06-18 04:00:00+00:00,52.6233985939549
2025-06-20 04:00:00+00:00,52.47074390704666
2025-06-23 04:00:00+00:00,60.465495122015746
2025-06-24 04:00:00+00:00,61.30500348708056
2025-06-25 04:00:00+00:00,62.09088467311304
2025-06-26 04:00:00+00:00,55.417152577970185
2025-06-27 04:00:00+00:00,55.70839554870106
2025-06-30 04:00:00+00:00,55.75314269896802
2025-07-01 04:00:00+00:00,55.670416583852145
2025-07-02 04:00:00+00:00,55.5857059751855
2025-07-03 04:00:00+00:00,56.15594218525245
2025-07-07 04:00:00+00:00,54.286002053515745
2025-07-08 04:00:00+00:00,54.65559822508358
2025-07-09 04:00:00+00:00,53.322804645516165
2025-07-10 04:00:00+00:00,53.008365192639054
2025-07-11 04:00:00+00:00,53.413026113626614
2025-07-14 04:00:00+00:00,52.85393562133069
2025-07-15 04:00:00+00:00,53.21435897539853
2025-07-16 04:00:00+00:00,58.35659111580415
2025-07-17 04:00:00+00:00,57.183823220751265
2025-07-18 04:00:00+00:00,62.414050706746345
2025-07-21 04:00:00+00:00,61.927927474124694
2025-07-22 04:00:00+00:00,64.1995825602736
2025-07-23 04:00:00+00:00,63.74051872645908
2025-07-24 04:00:00+00:00,60.98496844977259
2025-07-25 04:00:00+00:00,60.693283199671846
2025-07-28 04:00:00+00:00,59.78504866936758
2025-07-29 04:00:00+00:00,59.50810638439308
2025-07-30 04:00:00+00:00,59.664262872135254
2025-07-31 04:00:00+00:00,58.61227331589059
2025-08-01 04:00:00+00:00,42.267294651203535
2025-08-04 04:00:00+00:00,49.730262111907756
2025-08-05 04:00:00+00:00,50.60026238180001
2025-08-06 04:00:00+00:00,51.314136481384566
2025-08-07 04:00:00+00:00,51.25555468169287
2025-08-08 04:00:00+00:00,52.31804357583901
2025-08-11 04:00:00+00:00,52.44328726475528
2025-08-12 04:00:00+00:00,54.49493700957661
2025-08-13 04:00:00+00:00,54.340446656159
2025-08-14 04:00:00+00:00,54.649579307448626
2025-08-15 04:00:00+00:00,54.73114125835512
2025-08-18 04:00:00+00:00,54.675394892423625
2025-08-19 04:00:00+00:00,54.41143897141558
2025-08-20 04:00:00+00:00,54.588446944388224
2025-08-21 04:00:00+00:00,53.714106194354336
2025-08-22 04:00:00+00:00,58.04434652742564
2025-08-25 04:00:00+00:00,58.24864570177956
2025-08-26 04:00:00+00:00,58.034226751776856
2025-08-27 04:00:00+00:00,57.57798820743563
2025-08-28 04:00:00+00:00,57.147791011770714
2025-08-29 04:00:00+00:00,56.62759666919182
2025-09-02 04:00:00+00:00,66.84283319358164
